Date,Account, Amount 
12/01/08,12500, $353.82 
12/01/08,12100, $324.48 
12/01/08,14400, $(955.82)
12/01/08,11900, $346.24 
12/01/08,15000, $(305.44)
12/01/08,14400, $498.03 
12/01/08,13900, $164.56 
12/01/08,10100, $110.42 
12/01/08,12300, $344.67 
12/01/08,10100, $(551.54)
12/01/08,12300, $(452.08)
12/01/08,13800, $703.52 
12/01/08,14400, $211.08 
12/01/08,11400," $1,381.63 "
12/01/08,13400," $1,139.73 "
12/01/08,14400, $87.61 
12/01/08,11700, $(294.79)
12/01/08,14200, $(335.82)
12/01/08,13600, $813.61 
12/01/08,14100," $1,032.51 "
12/01/08,13600, $(182.63)
12/01/08,10900, $546.32 
12/01/08,12400," $1,412.19 "
12/01/08,12600, $674.59 
12/01/08,10900, $321.50 
12/01/08,14900, $51.26 
12/01/08,13400, $527.28 
12/01/08,10500," $1,235.83 "
12/01/08,13800, $753.87 
12/01/08,10300, $(674.27)
12/01/08,11200, $253.13 
12/01/08,13300, $963.44 
12/01/08,11500," $1,198.69 "
12/01/08,12500, $918.73 
12/01/08,14300, $242.17 
12/01/08,14800," $1,150.66 "
12/01/08,14400, $901.01 
12/01/08,14300, $(532.47)
12/01/08,11800, $152.13 
12/01/08,14300, $(254.10)
12/01/08,11100, $(441.39)
12/01/08,14200, $459.16 
12/01/08,14400, $61.57 
12/01/08,14800," $1,453.34 "
12/01/08,13600," $1,432.80 "
12/01/08,10100, $238.13 
12/01/08,13500," $1,288.31 "
12/01/08,14300, $640.06 
12/01/08,14000, $801.40 
12/01/08,12800," $1,116.64 "
12/01/08,11400, $296.56 
12/01/08,10600, $(566.19)
12/01/08,11800," $1,274.65 "
12/01/08,10000," $1,029.42 "
12/01/08,13900," $(1,168.02)"
12/01/08,13900, $(676.88)
12/01/08,13200, $647.87 
12/01/08,14800, $(944.75)
12/01/08,13400, $217.93 
12/01/08,13000, $267.11 
12/01/08,13900, $236.07 
12/01/08,13900, $(19.53)
12/01/08,15000, $(568.59)
12/01/08,13500, $263.87 
12/01/08,12100," $(1,046.04)"
12/01/08,13800, $879.24 
12/01/08,10900, $689.26 
12/01/08,11400," $(1,386.80)"
12/01/08,10800, $799.58 
12/01/08,10000, $(550.46)
12/01/08,13300, $22.86 
12/01/08,14700, $(200.66)
12/01/08,15000," $1,383.17 "
12/01/08,10200, $547.62 
12/01/08,14700," $1,184.40 "
12/01/08,11400, $(39.06)
12/01/08,13000, $(172.79)
12/01/08,11100," $1,401.06 "
12/01/08,14700, $273.03 
12/01/08,13800," $(1,269.52)"
12/01/08,14500, $790.45 
12/01/08,13800, $448.66 
12/01/08,11000," $(1,344.30)"
12/01/08,14200, $67.01 
12/01/08,10900, $732.92 
12/01/08,14700, $504.31 
12/01/08,10900, $(959.59)
12/01/08,10200, $758.72 
12/01/08,13100, $(995.87)
12/02/08,13400, $824.06 
12/02/08,11500," $1,002.74 "
12/02/08,11000, $118.12 
12/02/08,12300, $426.18 
12/02/08,10600, $388.97 
12/02/08,14400, $242.70 
12/02/08,11000, $188.74 
12/02/08,13400," $1,189.68 "
12/02/08,14300, $891.59 
12/02/08,12600," $(1,248.58)"
12/02/08,14600," $1,122.97 "
12/02/08,12100, $(544.92)
12/02/08,15000, $(162.77)
12/02/08,10300, $666.63 
12/02/08,13600, $18.02 
12/02/08,14900," $1,206.80 "
12/02/08,11600," $1,249.12 "
12/02/08,13400, $(919.55)
12/02/08,11400, $700.78 
12/02/08,14700, $445.57 
12/02/08,11600, $381.32 
12/02/08,11000, $541.30 
12/02/08,10500, $257.68 
12/02/08,10500," $(1,257.78)"
12/02/08,13200," $(1,287.96)"
12/02/08,13300," $(1,369.99)"
12/02/08,10300, $23.44 
12/02/08,10700, $768.94 
12/02/08,15000, $(683.87)
12/02/08,13400, $(799.38)
12/02/08,14600, $920.75 
12/02/08,13600, $(451.04)
12/02/08,11500, $(837.17)
12/02/08,14000, $627.93 
12/02/08,14200, $573.96 
12/02/08,12400, $360.39 
12/02/08,11800," $1,109.85 "
12/02/08,12600, $664.81 
12/02/08,10200," $1,259.52 "
12/02/08,10400," $1,159.74 "
12/02/08,14300, $897.52 
12/02/08,12900, $112.92 
12/02/08,11000, $389.10 
12/02/08,11100, $(523.29)
12/02/08,13300, $575.08 
12/02/08,10700, $(958.40)
12/02/08,11200, $473.37 
12/02/08,12900, $871.14 
12/02/08,14400, $728.84 
12/02/08,12000," $1,422.04 "
12/02/08,13400," $1,126.80 "
12/02/08,12100, $874.00 
12/02/08,10500," $1,474.72 "
12/02/08,13900, $937.80 
12/02/08,13300," $1,431.41 "
12/02/08,10500, $38.02 
12/02/08,13800, $(417.39)
12/02/08,12500," $(1,041.89)"
12/02/08,10000, $939.02 
12/02/08,11100, $654.83 
12/02/08,11900, $(708.13)
12/02/08,12600," $(1,277.89)"
12/02/08,10700," $1,481.07 "
12/02/08,13200, $884.48 
12/02/08,10700, $711.71 
12/02/08,13000, $(826.40)
12/02/08,10000, $882.60 
12/02/08,13200, $174.89 
12/02/08,11300, $(480.33)
12/02/08,14800, $134.94 
12/02/08,11200," $1,487.55 "
12/02/08,11800, $(290.86)
12/02/08,14200, $(53.93)
12/02/08,15000," $(1,100.51)"
12/02/08,14000, $650.08 
12/02/08,11200, $(248.85)
12/02/08,13500, $(157.54)
12/02/08,14600, $178.75 
12/02/08,10400," $1,252.03 "
12/02/08,15000," $1,149.88 "
12/02/08,10100," $1,274.90 "
12/02/08,10300, $447.21 
12/02/08,11400," $1,257.42 "
12/03/08,10100, $811.65 
12/03/08,10700, $(507.05)
12/03/08,10600," $1,226.16 "
12/03/08,14000," $1,478.49 "
12/03/08,10600," $1,454.48 "
12/03/08,11600, $(812.78)
12/03/08,12400, $331.90 
12/03/08,11800, $(247.17)
12/03/08,12900, $7.30 
12/03/08,13600, $457.91 
12/03/08,14000, $(162.63)
12/03/08,12000, $(501.21)
12/03/08,10500, $103.04 
12/03/08,11200, $378.51 
12/03/08,10200, $(351.39)
12/03/08,11700, $255.98 
12/03/08,12300," $1,179.85 "
12/03/08,12300, $604.99 
12/03/08,11200, $(597.37)
12/03/08,11300," $(1,476.88)"
12/03/08,15000, $528.09 
12/03/08,15000, $(542.80)
12/03/08,14000," $(1,141.21)"
12/03/08,10400, $(199.87)
12/03/08,13900, $559.70 
12/03/08,10300, $838.32 
12/03/08,14000, $830.94 
12/03/08,11200, $(303.37)
12/03/08,12000, $(317.37)
12/03/08,10100," $1,483.51 "
12/03/08,14800," $1,144.59 "
12/03/08,11100, $608.75 
12/03/08,10100, $961.51 
12/03/08,14200," $1,400.60 "
12/03/08,10000," $1,270.55 "
12/03/08,14200," $1,118.61 "
12/03/08,13100, $40.78 
12/03/08,10200," $1,196.36 "
12/03/08,14400," $(1,412.22)"
12/03/08,10100, $(742.43)
12/03/08,13300," $1,314.48 "
12/03/08,10100, $468.96 
12/03/08,12600, $829.59 
12/03/08,14300, $(31.92)
12/03/08,10300," $1,034.55 "
12/03/08,14900, $(929.66)
12/03/08,13700, $472.66 
12/03/08,10200, $935.40 
12/03/08,14400, $(378.36)
12/03/08,12300, $96.50 
12/03/08,14800, $(685.57)
12/03/08,14100, $827.04 
12/03/08,14300," $(1,113.06)"
12/03/08,12700, $300.44 
12/03/08,14300," $1,317.51 "
12/03/08,12300, $756.96 
12/03/08,13900, $(625.41)
12/03/08,13200, $221.74 
12/03/08,14200," $1,130.96 "
12/03/08,12500," $(1,393.78)"
12/03/08,12300, $(572.59)
12/03/08,10500, $284.85 
12/03/08,11800, $146.39 
12/03/08,14700, $465.46 
12/03/08,12000, $110.93 
12/03/08,10500, $789.48 
12/03/08,11900, $368.28 
12/03/08,11300, $(481.51)
12/03/08,10800," $(1,186.93)"
12/03/08,10000, $909.24 
12/03/08,11800," $1,163.95 "
12/03/08,11800, $744.54 
12/03/08,13200, $705.45 
12/03/08,11200, $907.62 
12/03/08,14700," $1,129.02 "
12/03/08,10700," $(1,215.23)"
12/03/08,14700," $(1,221.66)"
12/03/08,13700," $1,320.78 "
12/03/08,11500, $495.49 
12/03/08,11800, $(905.90)
12/03/08,14500," $1,179.23 "
12/03/08,12700, $474.46 
12/03/08,13800, $(782.95)
12/04/08,13200," $(1,261.79)"
12/04/08,14600, $564.14 
12/04/08,13100, $(230.61)
12/04/08,12900," $1,448.37 "
12/04/08,11700, $397.02 
12/04/08,12000," $1,235.45 "
12/04/08,11300, $567.77 
12/04/08,14600," $1,329.83 "
12/04/08,12600, $5.50 
12/04/08,11500," $1,094.81 "
12/04/08,14200, $(75.95)
12/04/08,10200," $1,143.81 "
12/04/08,12400, $(379.98)
12/04/08,12300," $1,210.77 "
12/04/08,11000, $303.09 
12/04/08,12800," $1,212.15 "
12/04/08,12300, $895.49 
12/04/08,12900, $(496.25)
12/04/08,11300, $(553.00)
12/04/08,12500, $850.56 
12/04/08,14700," $1,153.25 "
12/04/08,10000, $(767.36)
12/04/08,13600," $1,096.28 "
12/04/08,12400, $(791.61)
12/04/08,11200, $(291.40)
12/04/08,10600, $(518.66)
12/04/08,11100, $748.02 
12/04/08,11700," $(1,121.10)"
12/04/08,13500," $(1,206.50)"
12/04/08,13900, $(407.74)
12/04/08,12500, $833.74 
12/04/08,11900, $(533.72)
12/04/08,14000, $792.49 
12/04/08,13400," $1,005.24 "
12/04/08,10600, $733.62 
12/04/08,14700, $704.40 
12/04/08,13800," $(1,371.38)"
12/04/08,14900, $436.10 
12/04/08,11600, $548.08 
12/04/08,14800," $1,405.91 "
12/04/08,11700, $166.74 
12/04/08,14600," $(1,032.44)"
12/04/08,15000, $270.03 
12/04/08,10600," $1,149.99 "
12/04/08,11400," $1,436.79 "
12/04/08,10500," $1,257.75 "
12/04/08,10900," $1,083.19 "
12/04/08,11000, $(980.62)
12/04/08,11800, $331.88 
12/04/08,14500, $142.17 
12/04/08,13100, $229.45 
12/04/08,14500, $279.78 
12/04/08,10500," $1,028.64 "
12/04/08,11500," $(1,443.49)"
12/04/08,14500, $(544.50)
12/04/08,12900," $1,082.90 "
12/04/08,11900," $1,411.99 "
12/04/08,13700," $(1,045.53)"
12/04/08,14400, $568.36 
12/04/08,11300, $504.51 
12/04/08,12300," $(1,222.12)"
12/04/08,12400, $(711.19)
12/04/08,11500, $725.09 
12/04/08,14500, $983.59 
12/04/08,14400," $1,013.15 "
12/04/08,12100, $594.23 
12/04/08,14200," $1,307.69 "
12/04/08,14300, $(10.15)
12/04/08,13100, $757.38 
12/04/08,14100," $1,334.67 "
12/04/08,10700, $(45.96)
12/04/08,12700," $1,365.03 "
12/04/08,14700, $393.92 
12/04/08,13900, $116.00 
12/04/08,11700," $1,468.31 "
12/04/08,12300, $667.19 
12/04/08,14500," $1,354.67 "
12/04/08,14100," $1,195.62 "
12/04/08,10400," $1,195.65 "
12/04/08,14000, $624.39 
12/04/08,11400, $528.69 
12/04/08,14300, $398.61 
12/04/08,13100, $(965.96)
12/05/08,14400," $(1,073.55)"
12/05/08,11000, $427.53 
12/05/08,11400, $(778.94)
12/05/08,14100, $354.45 
12/05/08,13300, $880.52 
12/05/08,14100," $1,466.81 "
12/05/08,13200, $538.85 
12/05/08,10700," $1,079.33 "
12/05/08,14400, $(862.39)
12/05/08,14300, $965.79 
12/05/08,14600, $(340.70)
12/05/08,11700," $(1,200.83)"
12/05/08,10200," $1,438.81 "
12/05/08,10600, $525.59 
12/05/08,14500, $794.28 
12/05/08,13300," $(1,120.99)"
12/05/08,15000, $(664.76)
12/05/08,14100, $(704.07)
12/05/08,14300, $(784.01)
12/05/08,11800, $854.04 
12/05/08,12000, $(639.36)
12/05/08,10300, $(940.60)
12/05/08,12300, $26.61 
12/05/08,12600, $644.09 
12/05/08,11200, $(548.63)
12/05/08,12400, $115.86 
12/05/08,12200, $625.35 
12/05/08,11200, $916.59 
12/05/08,12200," $1,155.07 "
12/05/08,11700," $1,224.47 "
12/05/08,13600," $1,420.82 "
12/05/08,13700, $(116.74)
12/05/08,11400," $1,264.92 "
12/05/08,14900, $583.93 
12/05/08,10600, $999.40 
12/05/08,10400," $1,124.57 "
12/05/08,11900, $465.13 
12/05/08,14600," $(1,160.90)"
12/05/08,10300, $156.91 
12/05/08,13900, $(107.32)
12/05/08,10000," $1,272.51 "
12/05/08,12200, $55.15 
12/05/08,13400," $1,417.95 "
12/05/08,12100," $1,352.80 "
12/05/08,14500," $(1,445.88)"
12/05/08,10100, $156.84 
12/05/08,14900," $1,477.95 "
12/05/08,10300," $1,131.69 "
12/05/08,12400," $1,211.52 "
12/05/08,11900," $1,460.99 "
12/05/08,11300," $(1,067.88)"
12/05/08,13700," $1,490.46 "
12/05/08,12300, $979.54 
12/05/08,13200, $232.28 
12/05/08,14700," $1,457.75 "
12/05/08,10500, $723.58 
12/05/08,10700, $(994.84)
12/05/08,12600, $(82.34)
12/05/08,12100, $635.14 
12/05/08,11600, $60.48 
12/05/08,14100, $952.84 
12/05/08,11500," $1,278.18 "
12/05/08,14600, $(657.55)
12/05/08,13700, $823.94 
12/05/08,14900," $1,161.39 "
12/05/08,10300," $(1,085.99)"
12/05/08,12700, $869.05 
12/05/08,14700," $1,043.61 "
12/05/08,14600, $(782.07)
12/05/08,11800, $(352.62)
12/05/08,11900, $205.84 
12/05/08,12400," $1,350.48 "
12/05/08,14400," $1,184.42 "
12/05/08,14200," $(1,479.66)"
12/05/08,11000, $977.57 
12/05/08,12500, $(180.50)
12/05/08,11600, $(486.03)
12/05/08,10300," $1,373.48 "
12/05/08,13500, $143.54 
12/05/08,13700, $(609.48)
12/05/08,12500, $(829.97)
12/05/08,13000," $1,074.52 "
12/05/08,12400, $774.90 
12/06/08,14300, $114.93 
12/06/08,12600, $(411.39)
12/06/08,12000," $1,219.43 "
12/06/08,11200, $361.13 
12/06/08,12900," $1,022.37 "
12/06/08,14100," $(1,013.58)"
12/06/08,12400, $16.42 
12/06/08,11400," $1,171.25 "
12/06/08,13100," $1,250.86 "
12/06/08,14900, $632.98 
12/06/08,14000, $886.97 
12/06/08,13300, $724.73 
12/06/08,13300," $1,047.83 "
12/06/08,12000," $1,490.16 "
12/06/08,15000, $488.56 
12/06/08,11800," $1,205.61 "
12/06/08,14100, $(78.89)
12/06/08,12700, $978.64 
12/06/08,11600, $517.66 
12/06/08,12000, $701.24 
12/06/08,11300," $1,336.02 "
12/06/08,10100," $(1,321.68)"
12/06/08,11300, $(454.76)
12/06/08,11500, $245.07 
12/06/08,13400, $704.89 
12/06/08,13700, $644.51 
12/06/08,11900," $1,317.38 "
12/06/08,11400, $3.42 
12/06/08,13200," $(1,287.82)"
12/06/08,13900, $(192.21)
12/06/08,12800, $253.14 
12/06/08,11800, $169.64 
12/06/08,14400, $(595.72)
12/06/08,10700, $381.40 
12/06/08,13800," $1,493.62 "
12/06/08,10000," $1,423.58 "
12/06/08,14100," $1,095.88 "
12/06/08,11700, $(74.95)
12/06/08,14900, $866.92 
12/06/08,11100, $(331.75)
12/06/08,11900," $(1,097.48)"
12/06/08,11900, $809.68 
12/06/08,13100, $44.87 
12/06/08,14800," $1,260.57 "
12/06/08,11800, $885.04 
12/06/08,11300, $96.80 
12/06/08,10700, $408.97 
12/06/08,10500, $578.01 
12/06/08,13800, $(158.53)
12/06/08,14600," $1,104.94 "
12/06/08,13400," $1,019.36 "
12/06/08,13500," $1,007.52 "
12/06/08,12400, $430.45 
12/06/08,10000, $788.86 
12/06/08,10500, $981.76 
12/06/08,12700, $320.47 
12/06/08,13800, $(32.45)
12/06/08,11700, $(696.01)
12/06/08,11800," $1,049.76 "
12/06/08,12100, $862.95 
12/06/08,13100, $(822.26)
12/06/08,10700, $919.65 
12/06/08,10600, $55.78 
12/06/08,11700, $875.68 
12/06/08,14100," $(1,407.90)"
12/06/08,10100, $218.67 
12/06/08,12000," $(1,246.92)"
12/06/08,13800, $345.69 
12/06/08,10700, $123.42 
12/06/08,10600, $378.86 
12/06/08,14000," $1,148.94 "
12/06/08,13900, $806.19 
12/06/08,10900, $951.88 
12/06/08,10200, $(708.51)
12/06/08,13900, $602.55 
12/06/08,10200, $(220.69)
12/06/08,11400, $282.68 
12/06/08,13500, $402.36 
12/06/08,14500, $186.57 
12/06/08,12200, $(213.00)
12/06/08,12300," $1,395.43 "
12/06/08,12800, $279.49 
12/06/08,10800," $1,267.93 "
12/07/08,12700, $46.35 
12/07/08,12900, $14.45 
12/07/08,15000, $(535.63)
12/07/08,11500," $1,170.48 "
12/07/08,11300," $1,362.56 "
12/07/08,11600, $782.87 
12/07/08,14600, $(247.98)
12/07/08,12700, $539.52 
12/07/08,14600, $384.98 
12/07/08,14600," $(1,033.61)"
12/07/08,13000," $1,378.43 "
12/07/08,13400, $185.65 
12/07/08,11900, $8.20 
12/07/08,11700," $1,495.26 "
12/07/08,10700, $(503.62)
12/07/08,15000, $253.05 
12/07/08,11400, $229.12 
12/07/08,12200, $97.81 
12/07/08,12600, $733.39 
12/07/08,10000, $(742.37)
12/07/08,14900, $947.82 
12/07/08,10800, $576.41 
12/07/08,14300, $(772.74)
12/07/08,12100," $(1,314.21)"
12/07/08,13600, $(557.77)
12/07/08,13100, $857.63 
12/07/08,12200, $(297.64)
12/07/08,14600," $(1,398.94)"
12/07/08,11400, $(274.09)
12/07/08,13800, $925.57 
12/07/08,12700," $(1,373.33)"
12/07/08,11700, $558.71 
12/07/08,12300, $900.88 
12/07/08,13400, $66.38 
12/07/08,12300," $(1,289.68)"
12/07/08,14400," $(1,082.83)"
12/07/08,10700," $1,110.78 "
12/07/08,11800, $(246.66)
12/07/08,11300, $(384.47)
12/07/08,10700, $661.28 
12/07/08,11800, $453.10 
12/07/08,11900, $70.49 
12/07/08,13700, $(581.22)
12/07/08,10500," $(1,389.13)"
12/07/08,14600, $159.62 
12/07/08,12400, $434.29 
12/07/08,13000, $412.98 
12/07/08,12300," $1,496.98 "
12/07/08,14200, $224.17 
12/07/08,13200, $107.62 
12/07/08,10900," $1,138.59 "
12/07/08,12800," $(1,164.92)"
12/07/08,12600, $81.29 
12/07/08,11100, $372.79 
12/07/08,11200, $(733.11)
12/07/08,12800, $(789.00)
12/07/08,11500, $(262.47)
12/07/08,14900, $556.30 
12/07/08,10500," $(1,198.53)"
12/07/08,11200, $(734.06)
12/07/08,14900," $1,037.55 "
12/07/08,12400, $(639.06)
12/07/08,10500," $1,202.28 "
12/07/08,13600, $154.03 
12/07/08,10300, $(859.81)
12/07/08,10500," $(1,179.68)"
12/07/08,14800," $(1,431.97)"
12/07/08,10700," $1,253.58 "
12/07/08,12600," $1,407.29 "
12/07/08,12700," $1,437.89 "
12/07/08,12100, $513.54 
12/07/08,13400," $1,122.95 "
12/07/08,10300, $200.10 
12/07/08,13500, $916.97 
12/07/08,10600, $372.28 
12/07/08,14100, $(117.98)
12/07/08,11500, $755.52 
12/07/08,13700," $1,382.45 "
12/07/08,12600, $833.81 
12/07/08,11800," $(1,290.37)"
12/07/08,15000," $(1,451.31)"
12/07/08,11800," $1,212.41 "
12/07/08,13300," $1,005.41 "
12/08/08,10400, $825.72 
12/08/08,10300," $(1,097.57)"
12/08/08,12000," $1,376.01 "
12/08/08,10300, $485.67 
12/08/08,10500, $(554.61)
12/08/08,12700," $1,421.14 "
12/08/08,13200, $592.73 
12/08/08,12600, $878.38 
12/08/08,10900," $1,260.19 "
12/08/08,14700, $61.54 
12/08/08,10500, $357.35 
12/08/08,10000, $(56.07)
12/08/08,10100," $1,266.31 "
12/08/08,14200, $634.22 
12/08/08,14400," $1,459.81 "
12/08/08,12300," $(1,483.40)"
12/08/08,13700, $(967.60)
12/08/08,12900, $888.70 
12/08/08,13400, $448.41 
12/08/08,12900, $163.71 
12/08/08,10400," $(1,344.62)"
12/08/08,12300, $88.54 
12/08/08,13200, $255.29 
12/08/08,12600, $104.25 
12/08/08,13300, $(375.90)
12/08/08,14500," $(1,499.28)"
12/08/08,14800, $(53.43)
12/08/08,14700," $1,281.20 "
12/08/08,11600, $986.21 
12/08/08,10000, $486.80 
12/08/08,10700, $18.64 
12/08/08,10400," $1,494.08 "
12/08/08,13000, $185.62 
12/08/08,12500, $(599.06)
12/08/08,12900, $(89.79)
12/08/08,12100, $650.14 
12/08/08,14400," $1,208.98 "
12/08/08,10100, $720.85 
12/08/08,11200, $(343.79)
12/08/08,14100, $(566.50)
12/08/08,13000, $(287.00)
12/08/08,14600, $600.76 
12/08/08,14500, $(72.03)
12/08/08,14300, $969.19 
12/08/08,10900, $950.79 
12/08/08,13800," $(1,491.73)"
12/08/08,11400," $(1,251.77)"
12/08/08,10000, $39.58 
12/08/08,12200, $217.60 
12/08/08,11600," $1,336.62 "
12/08/08,10100, $464.41 
12/08/08,14500, $177.34 
12/08/08,13400, $830.93 
12/08/08,14100," $1,256.04 "
12/08/08,14400, $895.31 
12/08/08,11900," $1,171.09 "
12/08/08,12500, $(963.17)
12/08/08,12500," $(1,114.10)"
12/08/08,14200," $1,376.61 "
12/08/08,13700, $679.49 
12/08/08,13000, $(533.40)
12/08/08,10000," $1,138.94 "
12/08/08,13400, $379.95 
12/08/08,12300, $30.09 
12/08/08,11100," $(1,178.31)"
12/08/08,10500, $(419.81)
12/08/08,11300, $84.19 
12/08/08,14900, $458.10 
12/08/08,14100, $(175.44)
12/08/08,12400, $(118.21)
12/08/08,12000, $632.91 
12/08/08,12100, $(622.92)
12/08/08,13100, $654.65 
12/08/08,10900, $161.04 
12/08/08,11000, $(191.07)
12/08/08,11400, $706.72 
12/08/08,12900," $1,327.42 "
12/08/08,12400," $(1,226.82)"
12/08/08,11600, $983.26 
12/08/08,11400, $(706.80)
12/08/08,13400, $(482.73)
12/08/08,13400, $(53.88)
12/08/08,12800, $630.99 
12/09/08,14300, $(811.16)
12/09/08,10400, $893.41 
12/09/08,14100, $439.43 
12/09/08,13600, $(787.14)
12/09/08,12900, $54.52 
12/09/08,10700, $413.70 
12/09/08,14200," $(1,238.87)"
12/09/08,13800, $916.54 
12/09/08,13700, $810.38 
12/09/08,14400," $1,160.63 "
12/09/08,14100, $(645.78)
12/09/08,10200, $811.54 
12/09/08,11000, $690.21 
12/09/08,12500," $1,371.16 "
12/09/08,10400, $(536.39)
12/09/08,14200, $(216.93)
12/09/08,11500, $(665.83)
12/09/08,12100, $237.73 
12/09/08,13800, $(821.39)
12/09/08,10800, $(369.40)
12/09/08,13500, $243.33 
12/09/08,13600, $(90.31)
12/09/08,12200, $748.46 
12/09/08,13400, $939.66 
12/09/08,12700," $(1,309.42)"
12/09/08,12500, $(526.55)
12/09/08,10800," $1,173.96 "
12/09/08,11700," $1,142.03 "
12/09/08,12100, $987.94 
12/09/08,13700, $(696.82)
12/09/08,14000, $549.84 
12/09/08,11800," $1,295.45 "
12/09/08,13700," $(1,441.69)"
12/09/08,14800, $(882.19)
12/09/08,14200," $1,395.58 "
12/09/08,13300, $782.77 
12/09/08,15000, $616.83 
12/09/08,10600, $182.81 
12/09/08,13200, $(367.10)
12/09/08,13400," $1,412.82 "
12/09/08,14800, $579.42 
12/09/08,14100, $216.96 
12/09/08,14100, $822.41 
12/09/08,14600, $906.06 
12/09/08,14100, $(27.04)
12/09/08,10800," $(1,286.65)"
12/09/08,13600," $1,251.03 "
12/09/08,13700," $1,483.83 "
12/09/08,13400, $(540.64)
12/09/08,12800, $124.76 
12/09/08,13800," $1,477.60 "
12/09/08,14800, $442.09 
12/09/08,12000, $855.83 
12/09/08,11600, $94.25 
12/09/08,14000, $(484.95)
12/09/08,11000," $1,071.54 "
12/09/08,15000," $1,498.90 "
12/09/08,13200, $635.04 
12/09/08,11200," $1,455.39 "
12/09/08,12300," $1,244.50 "
12/09/08,14400," $(1,306.95)"
12/09/08,11300, $(689.75)
12/09/08,10600," $1,426.86 "
12/09/08,14200," $1,200.98 "
12/09/08,12900," $(1,066.18)"
12/09/08,10200," $(1,366.47)"
12/09/08,13700, $427.63 
12/09/08,14300, $775.81 
12/09/08,14500, $491.78 
12/09/08,12000, $237.62 
12/09/08,12000," $1,143.36 "
12/09/08,10400, $66.00 
12/09/08,12900," $1,170.81 "
12/09/08,13500, $764.08 
12/09/08,10300, $840.69 
12/09/08,11700, $(544.07)
12/09/08,12400, $(856.51)
12/09/08,13400, $55.58 
12/09/08,12400, $(261.78)
12/09/08,11700," $1,233.40 "
12/09/08,14400, $911.62 
12/09/08,13100, $506.85 
12/09/08,11300, $(213.14)
12/10/08,10200," $1,278.44 "
12/10/08,12400," $(1,344.25)"
12/10/08,14000, $294.12 
12/10/08,13500, $365.42 
12/10/08,14300, $803.54 
12/10/08,11200," $1,122.44 "
12/10/08,10400, $581.35 
12/10/08,14000, $149.68 
12/10/08,13700," $1,302.36 "
12/10/08,11600," $1,085.02 "
12/10/08,11000, $963.02 
12/10/08,13700, $(468.02)
12/10/08,11300, $(812.30)
12/10/08,13100," $(1,317.69)"
12/10/08,13300, $559.24 
12/10/08,10300, $798.33 
12/10/08,12600, $329.83 
12/10/08,12200, $722.70 
12/10/08,11800," $(1,268.89)"
12/10/08,14900," $1,159.20 "
12/10/08,14700," $1,331.88 "
12/10/08,11600," $(1,271.58)"
12/10/08,10600, $(421.21)
12/10/08,10800, $757.95 
12/10/08,12200, $(977.86)
12/10/08,10100, $(724.90)
12/10/08,12500," $1,326.53 "
12/10/08,14800, $789.16 
12/10/08,10400, $196.48 
12/10/08,11800," $(1,137.04)"
12/10/08,13100, $500.03 
12/10/08,11700," $1,266.03 "
12/10/08,10900," $(1,033.86)"
12/10/08,13800, $501.12 
12/10/08,10700," $1,261.20 "
12/10/08,11600, $94.65 
12/10/08,14600," $1,452.66 "
12/10/08,10800, $6.96 
12/10/08,11400," $1,279.30 "
12/10/08,14400," $(1,132.25)"
12/10/08,11500, $95.68 
12/10/08,13400, $876.21 
12/10/08,10900," $1,396.58 "
12/10/08,11700," $1,466.59 "
12/10/08,10400," $1,140.38 "
12/10/08,10100, $851.23 
12/10/08,15000, $234.89 
12/10/08,10500, $626.53 
12/10/08,10900," $1,024.63 "
12/10/08,11400, $987.61 
12/10/08,14500, $383.89 
12/10/08,10100, $(690.89)
12/10/08,10000, $(730.21)
12/10/08,15000, $(958.63)
12/10/08,11600," $1,382.48 "
12/10/08,14100, $(388.89)
12/10/08,10400, $554.30 
12/10/08,13100," $1,031.19 "
12/10/08,10600, $103.10 
12/10/08,11400, $(545.14)
12/10/08,13500," $(1,477.90)"
12/10/08,11300," $1,255.05 "
12/10/08,14300," $1,442.85 "
12/10/08,12600, $261.27 
12/10/08,12200, $537.14 
12/10/08,13600, $924.16 
12/10/08,14400, $85.31 
12/10/08,13200, $447.15 
12/10/08,11100, $116.69 
12/10/08,10800, $589.52 
12/10/08,14700, $(887.12)
12/10/08,14500, $(407.81)
12/10/08,13200, $798.92 
12/10/08,14800, $692.70 
12/10/08,11300, $20.95 
12/10/08,13000," $(1,196.93)"
12/10/08,13900, $461.49 
12/10/08,14400," $1,013.66 "
12/10/08,10800, $269.69 
12/10/08,13100," $1,471.38 "
12/10/08,10500, $22.17 
12/10/08,10100, $111.32 
12/10/08,13100, $(340.85)
12/11/08,11100," $1,075.04 "
12/11/08,13100, $527.54 
12/11/08,12500, $(267.69)
12/11/08,14500, $(110.41)
12/11/08,10400, $794.28 
12/11/08,12200, $643.23 
12/11/08,10900, $858.44 
12/11/08,14700, $201.82 
12/11/08,10600, $584.09 
12/11/08,12200, $196.99 
12/11/08,11400," $1,371.09 "
12/11/08,14500," $1,438.69 "
12/11/08,11600, $(691.43)
12/11/08,10100," $1,360.50 "
12/11/08,13800," $(1,102.17)"
12/11/08,10100," $(1,303.35)"
12/11/08,10200, $(793.21)
12/11/08,10200, $226.62 
12/11/08,14800," $1,071.37 "
12/11/08,10300, $(846.04)
12/11/08,13700, $(608.57)
12/11/08,13800, $183.49 
12/11/08,13500, $208.49 
12/11/08,11100, $265.84 
12/11/08,11700," $(1,055.19)"
12/11/08,12500, $404.67 
12/11/08,14700, $523.63 
12/11/08,10600, $(921.19)
12/11/08,12100," $1,203.11 "
12/11/08,11100," $1,337.52 "
12/11/08,11600, $845.32 
12/11/08,14600," $(1,012.53)"
12/11/08,13400, $368.18 
12/11/08,11000, $625.76 
12/11/08,12600," $(1,454.71)"
12/11/08,11000, $(421.05)
12/11/08,11600," $1,275.07 "
12/11/08,12400, $(849.64)
12/11/08,14500," $1,084.65 "
12/11/08,11500," $1,160.79 "
12/11/08,14100," $1,486.91 "
12/11/08,10700, $204.18 
12/11/08,11800, $393.22 
12/11/08,10700, $783.15 
12/11/08,10500, $364.10 
12/11/08,10900, $7.85 
12/11/08,14100, $266.12 
12/11/08,13000, $529.88 
12/11/08,12100, $337.56 
12/11/08,13900," $1,395.88 "
12/11/08,13100, $163.19 
12/11/08,13600, $640.17 
12/11/08,13800, $(505.24)
12/11/08,12100, $773.07 
12/11/08,10200, $334.50 
12/11/08,14300, $547.64 
12/11/08,13500, $(398.12)
12/11/08,12100," $1,338.58 "
12/11/08,11400, $102.12 
12/11/08,11000, $608.85 
12/11/08,12700," $(1,027.99)"
12/11/08,10800," $1,410.82 "
12/11/08,14600," $(1,023.86)"
12/11/08,13500, $602.86 
12/11/08,14500, $644.13 
12/11/08,13500, $243.63 
12/11/08,14500, $203.41 
12/11/08,10400, $(850.69)
12/11/08,13100, $266.95 
12/11/08,12800," $1,388.76 "
12/11/08,11400, $586.97 
12/11/08,10900," $1,003.38 "
12/11/08,14000, $69.48 
12/11/08,10100," $1,498.73 "
12/11/08,14700, $235.94 
12/11/08,11700, $388.90 
12/11/08,13800," $(1,259.63)"
12/11/08,13800, $497.05 
12/11/08,13500, $482.14 
12/11/08,10400, $(99.55)
12/11/08,11900, $(851.12)
12/11/08,12000, $(33.94)
12/11/08,10000," $1,340.30 "
12/12/08,10400, $684.85 
12/12/08,12100, $373.19 
12/12/08,11500," $1,147.33 "
12/12/08,10200, $551.07 
12/12/08,11000, $(793.84)
12/12/08,13300, $188.65 
12/12/08,12700," $1,340.01 "
12/12/08,12700," $1,435.74 "
12/12/08,11200, $635.71 
12/12/08,10300, $(66.27)
12/12/08,10400," $1,451.80 "
12/12/08,14000," $(1,229.67)"
12/12/08,14900," $1,259.75 "
12/12/08,11600, $(896.36)
12/12/08,13300, $603.23 
12/12/08,14200, $738.67 
12/12/08,10300," $(1,043.50)"
12/12/08,10300, $110.92 
12/12/08,12900, $(636.36)
12/12/08,13200, $(507.56)
12/12/08,13200, $50.84 
12/12/08,10200, $503.21 
12/12/08,11300," $(1,403.78)"
12/12/08,11400," $(1,340.56)"
12/12/08,12100, $(996.40)
12/12/08,11800, $54.12 
12/12/08,11500," $1,252.91 "
12/12/08,11500," $(1,167.46)"
12/12/08,13500," $1,057.84 "
12/12/08,13800, $856.96 
12/12/08,14500," $(1,416.10)"
12/12/08,13300, $436.08 
12/12/08,13700, $696.90 
12/12/08,14900, $(991.38)
12/12/08,14700," $1,348.92 "
12/12/08,11700, $567.35 
12/12/08,11700," $1,438.80 "
12/12/08,13300, $(599.63)
12/12/08,12000, $(354.06)
12/12/08,11900," $1,290.30 "
12/12/08,14400, $(298.03)
12/12/08,10300," $1,336.02 "
12/12/08,11900, $(944.75)
12/12/08,10200, $567.24 
12/12/08,13900, $(387.77)
12/12/08,14800, $(379.97)
12/12/08,14500, $666.09 
12/12/08,13600, $(699.01)
12/12/08,10000, $(307.50)
12/12/08,12600, $(510.30)
12/12/08,12400," $1,137.53 "
12/12/08,15000, $(761.07)
12/12/08,10600, $(939.05)
12/12/08,14800, $554.49 
12/12/08,13600, $795.43 
12/12/08,13500, $38.42 
12/12/08,11900, $495.16 
12/12/08,13200," $1,328.46 "
12/12/08,14100, $828.52 
12/12/08,11100, $545.62 
12/12/08,11000," $1,412.80 "
12/12/08,14100, $489.85 
12/12/08,11200," $1,455.30 "
12/12/08,11000, $229.13 
12/12/08,11200, $(174.17)
12/12/08,12200, $4.89 
12/12/08,12600, $(207.70)
12/12/08,10900," $1,117.58 "
12/12/08,14500," $(1,149.96)"
12/12/08,14900, $(844.62)
12/12/08,13800, $969.60 
12/12/08,12200," $1,163.50 "
12/12/08,13900," $1,188.69 "
12/12/08,10400, $629.12 
12/12/08,14700, $(817.95)
12/12/08,11900, $(707.09)
12/12/08,11500, $(443.79)
12/12/08,10300," $1,127.99 "
12/12/08,11200, $(462.05)
12/12/08,12600, $(75.35)
12/12/08,14600, $699.26 
12/12/08,13900, $43.25 
12/12/08,13000, $139.37 
12/13/08,12700, $13.99 
12/13/08,10800, $138.23 
12/13/08,12700, $44.83 
12/13/08,13400, $590.93 
12/13/08,14900, $73.61 
12/13/08,14400, $463.69 
12/13/08,14500, $(29.12)
12/13/08,14700," $(1,450.74)"
12/13/08,11200," $1,466.37 "
12/13/08,14100, $972.95 
12/13/08,14700, $(889.44)
12/13/08,10200, $(776.02)
12/13/08,12800, $417.64 
12/13/08,14900, $201.12 
12/13/08,12300, $(627.65)
12/13/08,11400, $(270.84)
12/13/08,14300, $(414.50)
12/13/08,13400, $294.74 
12/13/08,10200, $888.34 
12/13/08,12300, $783.73 
12/13/08,14300, $(400.61)
12/13/08,14000," $1,491.99 "
12/13/08,10900, $(92.50)
12/13/08,10900, $978.75 
12/13/08,11200, $237.12 
12/13/08,14700, $618.05 
12/13/08,11300," $(1,038.88)"
12/13/08,11400, $642.80 
12/13/08,12300," $1,150.16 "
12/13/08,11900, $354.83 
12/13/08,14700," $1,008.52 "
12/13/08,13500, $635.52 
12/13/08,12500, $(647.83)
12/13/08,11400," $1,182.73 "
12/13/08,13700, $669.25 
12/13/08,12600, $597.96 
12/13/08,12400, $3.16 
12/13/08,12800," $1,182.86 "
12/13/08,11700, $764.48 
12/13/08,12500, $(679.46)
12/13/08,10000, $276.70 
12/13/08,14600, $302.28 
12/13/08,12200, $11.71 
12/13/08,10600," $1,218.21 "
12/13/08,12600, $2.98 
12/13/08,13600, $344.48 
12/13/08,13800, $4.29 
12/13/08,10200, $692.35 
12/13/08,12800, $(623.39)
12/13/08,11300," $1,144.87 "
12/13/08,11500, $755.57 
12/13/08,10600," $(1,431.50)"
12/13/08,13900," $1,230.87 "
12/13/08,12600, $341.05 
12/13/08,14300, $(985.93)
12/13/08,13600," $1,479.84 "
12/13/08,14700, $(560.42)
12/13/08,10700, $285.60 
12/13/08,10200, $772.27 
12/13/08,12900, $(824.33)
12/13/08,12200," $1,011.47 "
12/13/08,13000, $208.33 
12/13/08,12700, $583.64 
12/13/08,14500, $449.76 
12/13/08,14600, $998.18 
12/13/08,10900, $308.15 
12/13/08,14800," $(1,088.16)"
12/13/08,14100, $640.83 
12/13/08,10700, $(812.78)
12/13/08,10700, $888.29 
12/13/08,13900, $609.54 
12/13/08,12900, $(299.98)
12/13/08,10900, $412.92 
12/13/08,10900," $1,386.20 "
12/13/08,11700, $(67.00)
12/13/08,14200, $844.40 
12/13/08,10200, $(485.51)
12/13/08,14200, $796.47 
12/13/08,12900," $1,174.51 "
12/13/08,12100," $1,374.66 "
12/13/08,11400, $(807.11)
12/13/08,14600, $815.41 
12/13/08,12400, $189.61 
12/14/08,12200," $1,466.59 "
12/14/08,11600," $1,493.61 "
12/14/08,14100, $101.76 
12/14/08,13700," $1,462.41 "
12/14/08,15000, $668.87 
12/14/08,11400, $598.56 
12/14/08,14200, $7.34 
12/14/08,11500, $639.39 
12/14/08,11300," $(1,143.88)"
12/14/08,12900, $(642.92)
12/14/08,11300, $172.14 
12/14/08,12000," $1,407.69 "
12/14/08,11300, $344.44 
12/14/08,14600, $880.19 
12/14/08,14000, $775.13 
12/14/08,10800, $359.13 
12/14/08,14300, $726.70 
12/14/08,14600, $585.88 
12/14/08,14000, $47.27 
12/14/08,13800, $890.02 
12/14/08,12500, $921.81 
12/14/08,13400, $993.76 
12/14/08,12300," $1,365.26 "
12/14/08,10100, $884.79 
12/14/08,14200, $472.73 
12/14/08,10100, $858.84 
12/14/08,10700, $18.60 
12/14/08,14700, $671.40 
12/14/08,11600, $(660.51)
12/14/08,12600, $748.39 
12/14/08,14800," $(1,273.15)"
12/14/08,10700, $48.98 
12/14/08,11400, $35.22 
12/14/08,10500, $(215.86)
12/14/08,13200," $1,267.49 "
12/14/08,12900," $1,165.73 "
12/14/08,14500, $(813.27)
12/14/08,12700," $1,478.08 "
12/14/08,13500, $995.08 
12/14/08,10900," $1,385.82 "
12/14/08,11100," $1,377.50 "
12/14/08,15000," $1,084.55 "
12/14/08,11300, $695.79 
12/14/08,12000, $266.01 
12/14/08,11600, $685.26 
12/14/08,12600," $1,319.15 "
12/14/08,13600," $1,325.74 "
12/14/08,12600, $195.52 
12/14/08,10700, $(30.90)
12/14/08,14200," $1,417.92 "
12/14/08,13100, $819.19 
12/14/08,10500, $573.57 
12/14/08,12400, $(639.21)
12/14/08,14800," $1,500.32 "
12/14/08,11400," $(1,473.82)"
12/14/08,14100, $(740.15)
12/14/08,12100," $1,019.61 "
12/14/08,13500, $322.62 
12/14/08,10000, $165.53 
12/14/08,10100, $(51.67)
12/14/08,11100, $758.06 
12/14/08,14100, $(948.84)
12/14/08,14700, $136.13 
12/14/08,13400, $(244.20)
12/14/08,10200," $1,090.56 "
12/14/08,11000, $770.72 
12/14/08,10200, $606.37 
12/14/08,12300, $16.55 
12/14/08,13700, $266.40 
12/14/08,10000," $1,323.57 "
12/14/08,12700, $(419.07)
12/14/08,11300, $757.76 
12/14/08,10300, $756.95 
12/14/08,13700, $47.54 
12/14/08,12200, $984.09 
12/14/08,14100," $1,117.79 "
12/14/08,12000," $1,280.04 "
12/14/08,11800, $(647.66)
12/14/08,10200, $479.93 
12/14/08,10800, $197.76 
12/14/08,10100, $609.52 
12/14/08,11900," $1,168.57 "
12/14/08,13200," $1,395.84 "
12/15/08,13100, $617.32 
12/15/08,10900, $108.40 
12/15/08,14000," $(1,013.62)"
12/15/08,11900," $1,477.30 "
12/15/08,11900, $659.63 
12/15/08,10700, $(368.00)
12/15/08,10400," $(1,190.67)"
12/15/08,14900, $(31.27)
12/15/08,12400," $1,293.21 "
12/15/08,11300, $(297.24)
12/15/08,11200," $(1,220.32)"
12/15/08,14700, $217.34 
12/15/08,14300," $1,127.58 "
12/15/08,10700," $1,064.01 "
12/15/08,10300, $819.94 
12/15/08,10100, $(396.76)
12/15/08,13400," $1,429.06 "
12/15/08,11500, $922.49 
12/15/08,12100," $(1,128.02)"
12/15/08,12000, $347.91 
12/15/08,11600," $1,309.05 "
12/15/08,11400," $1,115.66 "
12/15/08,13700," $1,285.13 "
12/15/08,13700, $383.58 
12/15/08,10100," $1,065.39 "
12/15/08,14000, $471.22 
12/15/08,11900, $51.12 
12/15/08,11400, $465.58 
12/15/08,10300, $800.49 
12/15/08,13300," $1,027.90 "
12/15/08,12600, $(99.15)
12/15/08,14100," $1,328.12 "
12/15/08,11500, $(15.37)
12/15/08,12400, $12.81 
12/15/08,13000," $(1,100.77)"
12/15/08,13200," $(1,467.47)"
12/15/08,14100," $(1,481.60)"
12/15/08,10300," $(1,060.40)"
12/15/08,15000, $(50.83)
12/15/08,11200," $1,258.71 "
12/15/08,10900, $667.83 
12/15/08,11300, $(945.49)
12/15/08,12800, $456.08 
12/15/08,10100, $(158.58)
12/15/08,13300, $21.02 
12/15/08,14400, $943.35 
12/15/08,13100," $(1,442.92)"
12/15/08,13200, $540.23 
12/15/08,14100, $27.14 
12/15/08,10100, $(58.36)
12/15/08,14700, $47.14 
12/15/08,10900," $1,290.50 "
12/15/08,13700, $592.78 
12/15/08,10200," $1,462.59 "
12/15/08,11500, $207.03 
12/15/08,14800," $1,229.76 "
12/15/08,13100, $(309.70)
12/15/08,10900," $(1,304.64)"
12/15/08,10800, $422.48 
12/15/08,10900," $(1,371.27)"
12/15/08,14900, $168.06 
12/15/08,13600," $(1,151.23)"
12/15/08,11200, $481.06 
12/15/08,14300," $(1,435.80)"
12/15/08,11800, $(75.76)
12/15/08,15000, $566.43 
12/15/08,14500, $326.94 
12/15/08,12900," $1,185.76 "
12/15/08,11500, $720.21 
12/15/08,12000," $1,019.68 "
12/15/08,12300, $549.71 
12/15/08,13700," $(1,279.56)"
12/15/08,10900, $786.83 
12/15/08,12800, $409.95 
12/15/08,12300," $1,421.96 "
12/15/08,13400," $1,104.74 "
12/15/08,10900, $426.79 
12/15/08,10300," $(1,291.78)"
12/15/08,10500, $671.69 
12/15/08,11900, $14.66 
12/15/08,10800, $997.31 
12/15/08,12900, $214.83 
12/15/08,11800, $102.30 
12/16/08,11300," $1,456.61 "
12/16/08,14300," $(1,200.05)"
12/16/08,14700, $(182.78)
12/16/08,10600," $1,015.68 "
12/16/08,13400, $405.90 
12/16/08,13600, $403.65 
12/16/08,13100, $(354.34)
12/16/08,11100," $(1,400.99)"
12/16/08,10300, $987.99 
12/16/08,13500," $(1,236.71)"
12/16/08,12000," $(1,001.00)"
12/16/08,12100," $1,202.05 "
12/16/08,14900," $1,174.13 "
12/16/08,11300, $348.75 
12/16/08,13200, $616.57 
12/16/08,11000, $495.19 
12/16/08,12800, $(731.58)
12/16/08,14600, $142.92 
12/16/08,10500, $981.32 
12/16/08,12500, $(237.86)
12/16/08,13700, $676.06 
12/16/08,10100, $(908.14)
12/16/08,11500, $46.74 
12/16/08,10300," $1,228.34 "
12/16/08,15000, $823.43 
12/16/08,13800," $1,321.61 "
12/16/08,11200," $(1,108.43)"
12/16/08,14900," $1,295.09 "
12/16/08,13500, $(675.02)
12/16/08,11100, $649.42 
12/16/08,12500, $7.10 
12/16/08,11900," $(1,388.42)"
12/16/08,14500," $(1,244.56)"
12/16/08,14800, $(336.77)
12/16/08,12200," $(1,121.58)"
12/16/08,12600, $746.78 
12/16/08,11600," $(1,163.14)"
12/16/08,10600, $(640.97)
12/16/08,14300," $(1,369.03)"
12/16/08,12700, $(619.80)
12/16/08,10100, $842.34 
12/16/08,13700," $(1,308.34)"
12/16/08,11800," $1,048.28 "
12/16/08,11300, $(296.01)
12/16/08,11400, $864.25 
12/16/08,12400, $341.56 
12/16/08,12800, $(814.05)
12/16/08,14600, $542.00 
12/16/08,11600," $(1,477.48)"
12/16/08,14600, $999.03 
12/16/08,11100," $1,142.59 "
12/16/08,14800, $508.12 
12/16/08,13000, $(922.03)
12/16/08,11200, $131.40 
12/16/08,10600, $(389.60)
12/16/08,12000, $863.57 
12/16/08,12000," $1,164.55 "
12/16/08,11800, $818.06 
12/16/08,11500, $116.06 
12/16/08,12000, $572.74 
12/16/08,10800," $1,173.68 "
12/16/08,11700, $601.39 
12/16/08,12800, $(414.63)
12/16/08,11700, $344.64 
12/16/08,12900, $907.50 
12/16/08,10500," $1,252.41 "
12/16/08,11800, $548.35 
12/16/08,13700, $508.50 
12/16/08,10600, $776.96 
12/16/08,14800, $99.68 
12/16/08,13000, $(204.64)
12/16/08,12400, $233.19 
12/16/08,10600, $599.96 
12/16/08,14800," $1,460.49 "
12/16/08,10000," $1,362.26 "
12/16/08,14700, $(886.43)
12/16/08,14500," $(1,192.98)"
12/16/08,10200, $772.97 
12/16/08,11700," $1,363.68 "
12/16/08,14800," $1,181.93 "
12/16/08,11700, $(616.38)
12/16/08,12200," $1,084.50 "
12/16/08,12100," $(1,221.64)"
12/17/08,14500, $56.18 
12/17/08,11500, $(415.02)
12/17/08,12700, $653.85 
12/17/08,13200," $(1,262.87)"
12/17/08,10500," $1,296.50 "
12/17/08,10200," $(1,454.06)"
12/17/08,13700, $(211.48)
12/17/08,11700, $255.87 
12/17/08,11700," $1,191.90 "
12/17/08,12600, $771.19 
12/17/08,12200, $(597.54)
12/17/08,14800, $63.97 
12/17/08,12600, $968.42 
12/17/08,11200, $101.46 
12/17/08,12000," $1,078.65 "
12/17/08,14400, $967.98 
12/17/08,11500," $1,084.62 "
12/17/08,14400, $696.51 
12/17/08,11500, $94.04 
12/17/08,14800, $171.21 
12/17/08,13900," $(1,094.86)"
12/17/08,12500, $74.18 
12/17/08,12400, $610.28 
12/17/08,11000," $1,459.78 "
12/17/08,10100, $(117.15)
12/17/08,14300, $586.71 
12/17/08,10300, $401.69 
12/17/08,11300, $566.54 
12/17/08,12300," $(1,387.14)"
12/17/08,12000, $(781.40)
12/17/08,10400, $338.15 
12/17/08,12600, $385.62 
12/17/08,11900," $1,244.64 "
12/17/08,12400, $(810.83)
12/17/08,14700," $(1,216.63)"
12/17/08,13200," $1,499.94 "
12/17/08,14000, $956.16 
12/17/08,13800, $687.99 
12/17/08,11300," $1,139.25 "
12/17/08,14600," $(1,418.23)"
12/17/08,12600, $136.47 
12/17/08,13800," $(1,383.63)"
12/17/08,14400, $(258.41)
12/17/08,13500, $874.05 
12/17/08,11000, $(573.12)
12/17/08,12500," $1,283.46 "
12/17/08,10200, $504.24 
12/17/08,13000, $(474.13)
12/17/08,13300, $835.60 
12/17/08,14000, $(399.07)
12/17/08,13300, $749.68 
12/17/08,10000," $1,264.58 "
12/17/08,14700, $(626.44)
12/17/08,12700, $(804.84)
12/17/08,14000," $(1,221.25)"
12/17/08,12000, $323.43 
12/17/08,13800, $(281.14)
12/17/08,14800, $(295.53)
12/17/08,10500, $(685.82)
12/17/08,14200, $218.33 
12/17/08,13600, $545.99 
12/17/08,14900, $(154.95)
12/17/08,13100," $1,104.54 "
12/17/08,10400," $(1,211.63)"
12/17/08,14600, $761.72 
12/17/08,14700, $909.29 
12/17/08,12100," $1,028.96 "
12/17/08,10400," $(1,497.50)"
12/17/08,10500, $177.59 
12/17/08,14500, $58.74 
12/17/08,12400, $(846.50)
12/17/08,12500, $320.23 
12/17/08,15000, $495.03 
12/17/08,10000," $(1,087.46)"
12/17/08,12600, $417.54 
12/17/08,10700, $48.12 
12/17/08,11600, $(358.18)
12/17/08,10800, $103.63 
12/17/08,13700, $626.67 
12/17/08,13900," $1,250.03 "
12/17/08,13800, $856.18 
12/17/08,12600, $346.08 
12/17/08,12400, $(152.88)
12/18/08,15000," $(1,314.31)"
12/18/08,10700," $1,254.55 "
12/18/08,15000, $46.64 
12/18/08,13600, $776.52 
12/18/08,14500, $(52.38)
12/18/08,12300, $564.65 
12/18/08,11600," $(1,123.00)"
12/18/08,12500, $(792.63)
12/18/08,11500, $275.79 
12/18/08,14600, $116.19 
12/18/08,12600, $915.15 
12/18/08,14400, $758.47 
12/18/08,15000," $1,403.82 "
12/18/08,12200," $1,237.78 "
12/18/08,12500, $(533.24)
12/18/08,13200, $(364.85)
12/18/08,12400, $452.92 
12/18/08,14600, $(46.28)
12/18/08,13000," $1,352.34 "
12/18/08,10500, $51.89 
12/18/08,11600, $113.06 
12/18/08,10800, $(43.26)
12/18/08,11300," $(1,462.93)"
12/18/08,12700, $981.05 
12/18/08,10200, $(834.58)
12/18/08,14800, $969.61 
12/18/08,11600, $74.75 
12/18/08,11400," $1,187.14 "
12/18/08,13600, $700.79 
12/18/08,10500, $958.23 
12/18/08,10300, $465.53 
12/18/08,14600, $957.41 
12/18/08,13700, $794.91 
12/18/08,13500, $790.16 
12/18/08,13000, $246.07 
12/18/08,14200, $253.02 
12/18/08,14300, $(80.64)
12/18/08,14000," $1,354.13 "
12/18/08,14500, $(888.63)
12/18/08,14200, $190.55 
12/18/08,13800, $708.28 
12/18/08,11600, $(154.13)
12/18/08,10500, $773.75 
12/18/08,10600," $1,478.63 "
12/18/08,15000, $916.06 
12/18/08,11500, $570.91 
12/18/08,14900, $(101.53)
12/18/08,12900," $1,122.60 "
12/18/08,13000, $770.68 
12/18/08,13200, $(31.12)
12/18/08,10200, $985.71 
12/18/08,11100," $1,150.52 "
12/18/08,13800, $75.98 
12/18/08,11600," $1,302.89 "
12/18/08,14700, $114.12 
12/18/08,12900," $1,202.79 "
12/18/08,14200," $(1,016.79)"
12/18/08,11400," $1,021.45 "
12/18/08,14800, $162.92 
12/18/08,13100, $619.31 
12/18/08,10900, $663.64 
12/18/08,14500, $353.29 
12/18/08,14900," $(1,170.99)"
12/18/08,10100," $1,467.40 "
12/18/08,14100, $(534.78)
12/18/08,11600," $1,212.52 "
12/18/08,12400, $585.98 
12/18/08,11000," $(1,482.48)"
12/18/08,11800, $503.82 
12/18/08,12500, $141.73 
12/18/08,12400," $(1,400.85)"
12/18/08,13100," $1,002.56 "
12/18/08,11500," $1,221.97 "
12/18/08,13200, $788.50 
12/18/08,14500," $1,243.03 "
12/18/08,15000," $1,177.79 "
12/18/08,10300," $(1,354.63)"
12/18/08,11000, $(443.29)
12/18/08,10000," $1,205.21 "
12/18/08,12600, $820.42 
12/18/08,14000, $974.45 
12/18/08,10800," $(1,266.45)"
12/18/08,10200, $949.00 
12/19/08,10000, $945.94 
12/19/08,12500, $882.97 
12/19/08,10400, $637.88 
12/19/08,12600," $1,036.35 "
12/19/08,12300, $142.34 
12/19/08,13300, $716.74 
12/19/08,14000, $(823.39)
12/19/08,12700, $572.80 
12/19/08,14600, $21.04 
12/19/08,11000," $1,265.76 "
12/19/08,12100, $836.15 
12/19/08,10200, $(195.82)
12/19/08,10600, $48.61 
12/19/08,14500, $274.03 
12/19/08,12900, $686.40 
12/19/08,11500," $(1,332.60)"
12/19/08,10100, $953.99 
12/19/08,13300," $1,387.95 "
12/19/08,14600, $(926.16)
12/19/08,15000, $(759.73)
12/19/08,14800, $(10.38)
12/19/08,14700, $50.88 
12/19/08,10300, $889.74 
12/19/08,11600, $(977.25)
12/19/08,14200," $1,232.35 "
12/19/08,13500, $(279.32)
12/19/08,10600, $992.65 
12/19/08,12500, $469.39 
12/19/08,13300," $1,315.72 "
12/19/08,10400, $(862.25)
12/19/08,15000, $52.11 
12/19/08,13900," $1,366.33 "
12/19/08,14900," $1,376.55 "
12/19/08,13300, $591.00 
12/19/08,14900," $1,367.44 "
12/19/08,10400, $567.57 
12/19/08,10100, $(565.04)
12/19/08,13000, $592.70 
12/19/08,11400, $(431.21)
12/19/08,11600," $(1,336.05)"
12/19/08,12900, $220.08 
12/19/08,13300, $(156.46)
12/19/08,14900, $881.64 
12/19/08,11600, $623.05 
12/19/08,12200, $837.58 
12/19/08,13600," $1,009.19 "
12/19/08,10700, $(136.35)
12/19/08,10900, $(950.84)
12/19/08,11900, $262.68 
12/19/08,11800," $(1,092.94)"
12/19/08,14700, $(173.01)
12/19/08,10900, $928.22 
12/19/08,14000, $817.24 
12/19/08,12900, $343.76 
12/19/08,11800," $(1,258.70)"
12/19/08,14900," $1,019.64 "
12/19/08,14900," $1,010.45 "
12/19/08,13200, $624.49 
12/19/08,15000," $(1,382.85)"
12/19/08,10100, $843.41 
12/19/08,11600, $628.01 
12/19/08,10000, $760.61 
12/19/08,14900," $(1,203.49)"
12/19/08,10600," $1,336.23 "
12/19/08,11900, $(856.41)
12/19/08,10400," $1,318.85 "
12/19/08,14700, $295.46 
12/19/08,11100, $396.64 
12/19/08,11200," $1,056.34 "
12/19/08,10000," $1,292.54 "
12/19/08,10600," $1,054.27 "
12/19/08,12800, $621.19 
12/19/08,12300," $1,482.70 "
12/19/08,13700, $(136.25)
12/19/08,13500, $279.68 
12/19/08,10300, $(97.91)
12/19/08,14100, $283.77 
12/19/08,15000, $100.03 
12/19/08,10200, $840.20 
12/19/08,10400, $540.39 
12/19/08,10300, $637.89 
12/19/08,10300, $647.15 
12/19/08,13500, $(295.60)
12/20/08,11100, $(662.49)
12/20/08,12500, $829.84 
12/20/08,14900, $589.79 
12/20/08,11200," $1,352.68 "
12/20/08,11400, $386.01 
12/20/08,11000, $154.77 
12/20/08,12700, $997.34 
12/20/08,10700, $21.53 
12/20/08,14400, $(674.53)
12/20/08,11200, $289.85 
12/20/08,14100, $(61.34)
12/20/08,13100, $737.48 
12/20/08,13400, $49.97 
12/20/08,13800, $105.09 
12/20/08,14500," $(1,194.60)"
12/20/08,12000, $261.84 
12/20/08,11900, $343.57 
12/20/08,12700, $489.87 
12/20/08,14300," $1,355.05 "
12/20/08,10800," $(1,227.21)"
12/20/08,14600, $3.18 
12/20/08,13100, $156.66 
12/20/08,11300, $826.56 
12/20/08,12100, $409.71 
12/20/08,12800," $(1,187.62)"
12/20/08,14100," $1,479.21 "
12/20/08,11400," $1,409.25 "
12/20/08,10700," $1,434.64 "
12/20/08,10000, $88.28 
12/20/08,11200, $(184.33)
12/20/08,13500, $425.79 
12/20/08,14800, $(537.93)
12/20/08,12400, $827.91 
12/20/08,11500," $1,093.89 "
12/20/08,14800, $370.01 
12/20/08,14000," $1,230.35 "
12/20/08,14500, $356.46 
12/20/08,14600, $366.54 
12/20/08,10600, $74.08 
12/20/08,11600, $495.80 
12/20/08,11800, $(371.06)
12/20/08,12500, $171.53 
12/20/08,14500, $250.25 
12/20/08,14400, $931.82 
12/20/08,10100," $1,125.49 "
12/20/08,10600, $400.80 
12/20/08,11100," $1,015.37 "
12/20/08,12500, $(280.93)
12/20/08,13300," $(1,402.45)"
12/20/08,11700, $(581.45)
12/20/08,11000, $(586.02)
12/20/08,10300, $336.29 
12/20/08,14700, $406.01 
12/20/08,14400, $560.66 
12/20/08,13300," $1,348.19 "
12/20/08,12200," $1,263.05 "
12/20/08,12600, $(295.02)
12/20/08,10500, $418.19 
12/20/08,10400, $(421.23)
12/20/08,12900," $1,284.57 "
12/20/08,11700, $212.21 
12/20/08,11300, $(781.99)
12/20/08,10600, $771.09 
12/20/08,12500, $626.77 
12/20/08,13300, $513.00 
12/20/08,13000, $505.96 
12/20/08,12200," $(1,260.81)"
12/20/08,14300, $(970.69)
12/20/08,11700," $1,271.04 "
12/20/08,13900," $1,271.20 "
12/20/08,11400, $(259.41)
12/20/08,14500, $723.35 
12/20/08,14000," $1,076.38 "
12/20/08,11900, $583.69 
12/20/08,13800," $1,104.47 "
12/20/08,10000, $90.50 
12/20/08,10800, $318.58 
12/20/08,14900," $1,368.48 "
12/20/08,11500, $(569.00)
12/20/08,11900," $(1,225.84)"
12/20/08,13300, $46.41 
12/20/08,11600," $1,152.83 "
12/20/08,11500," $1,134.62 "
12/21/08,12500, $(11.83)
12/21/08,14700, $753.43 
12/21/08,12900," $(1,408.19)"
12/21/08,14700, $79.57 
12/21/08,14400, $827.13 
12/21/08,10000, $41.93 
12/21/08,13200, $803.31 
12/21/08,15000, $862.17 
12/21/08,13000, $525.56 
12/21/08,14900, $480.37 
12/21/08,13300," $(1,115.39)"
12/21/08,15000, $(105.32)
12/21/08,13400," $1,367.29 "
12/21/08,10300, $569.65 
12/21/08,10500, $(122.24)
12/21/08,14100, $(141.48)
12/21/08,13400," $1,082.91 "
12/21/08,10000," $(1,173.55)"
12/21/08,13000," $1,206.71 "
12/21/08,12000," $(1,121.21)"
12/21/08,11900, $(488.25)
12/21/08,13800," $(1,261.68)"
12/21/08,12700, $(794.76)
12/21/08,13400, $(919.80)
12/21/08,11500," $1,099.46 "
12/21/08,10700," $1,119.90 "
12/21/08,14800, $(765.70)
12/21/08,13300, $85.01 
12/21/08,12400," $1,122.03 "
12/21/08,10700, $214.47 
12/21/08,11400," $1,360.58 "
12/21/08,10200, $(88.40)
12/21/08,10800," $1,373.58 "
12/21/08,13500, $134.03 
12/21/08,14800, $(395.85)
12/21/08,12900," $1,290.63 "
12/21/08,13300," $(1,415.65)"
12/21/08,10000, $802.68 
12/21/08,12400, $720.72 
12/21/08,13000, $253.74 
12/21/08,12100, $669.72 
12/21/08,12600, $51.19 
12/21/08,12900, $707.88 
12/21/08,13500," $1,121.61 "
12/21/08,10300," $1,340.53 "
12/21/08,12500, $885.97 
12/21/08,11300, $502.72 
12/21/08,10000, $612.03 
12/21/08,11500, $448.35 
12/21/08,13100, $720.86 
12/21/08,11100," $1,251.64 "
12/21/08,11900, $292.82 
12/21/08,11200, $441.57 
12/21/08,12600, $(842.22)
12/21/08,11900, $353.31 
12/21/08,10900, $437.86 
12/21/08,14800, $742.79 
12/21/08,12100, $(411.77)
12/21/08,10600, $(259.03)
12/21/08,11000, $135.52 
12/21/08,14900, $740.64 
12/21/08,10700," $(1,036.64)"
12/21/08,13200, $279.04 
12/21/08,12500, $894.85 
12/21/08,12100, $211.26 
12/21/08,13500, $599.84 
12/21/08,11500, $(433.90)
12/21/08,14200," $1,106.13 "
12/21/08,13800, $937.00 
12/21/08,12600, $(381.08)
12/21/08,12700," $1,244.87 "
12/21/08,14500," $1,166.67 "
12/21/08,13000, $(316.69)
12/21/08,13800, $166.48 
12/21/08,13800, $702.72 
12/21/08,11900, $418.71 
12/21/08,13300," $(1,353.97)"
12/21/08,10500, $522.38 
12/21/08,12700, $787.71 
12/21/08,10900, $357.22 
12/21/08,14100, $21.67 
12/21/08,11400, $456.03 
12/21/08,14200, $(810.99)
12/22/08,10200, $(827.88)
12/22/08,11300, $377.78 
12/22/08,12100, $808.14 
12/22/08,10900," $1,345.47 "
12/22/08,10800, $304.52 
12/22/08,13600, $825.19 
12/22/08,15000, $(475.72)
12/22/08,10200, $(356.13)
12/22/08,14300, $(33.10)
12/22/08,12800, $155.93 
12/22/08,10100, $785.88 
12/22/08,12500, $(428.12)
12/22/08,10700," $(1,123.74)"
12/22/08,13900," $1,063.45 "
12/22/08,10400, $648.87 
12/22/08,13800," $1,050.33 "
12/22/08,11400, $846.86 
12/22/08,12500, $904.59 
12/22/08,13400, $(498.50)
12/22/08,12500, $518.66 
12/22/08,13700, $(666.24)
12/22/08,11400, $679.36 
12/22/08,10800, $543.86 
12/22/08,13800," $1,498.32 "
12/22/08,14800," $1,300.16 "
12/22/08,13400, $(483.63)
12/22/08,13600," $(1,489.37)"
12/22/08,12100, $978.02 
12/22/08,11000, $(323.51)
12/22/08,10300, $263.44 
12/22/08,12800, $(162.13)
12/22/08,10700," $(1,367.55)"
12/22/08,14800, $148.73 
12/22/08,14200, $636.52 
12/22/08,13800," $(1,352.82)"
12/22/08,10800," $(1,104.45)"
12/22/08,14400, $354.00 
12/22/08,14300," $1,147.18 "
12/22/08,12100," $1,221.85 "
12/22/08,11200, $428.21 
12/22/08,10900," $1,060.29 "
12/22/08,10700, $907.54 
12/22/08,14500, $(650.43)
12/22/08,14800, $752.98 
12/22/08,14000," $1,035.76 "
12/22/08,14400, $76.56 
12/22/08,10100, $972.41 
12/22/08,11200, $299.75 
12/22/08,10200, $314.57 
12/22/08,10500," $(1,183.57)"
12/22/08,12500," $1,381.41 "
12/22/08,12500," $1,134.09 "
12/22/08,11700, $895.00 
12/22/08,10400, $765.78 
12/22/08,11400," $1,441.35 "
12/22/08,14200, $200.93 
12/22/08,14300, $(780.03)
12/22/08,14000, $228.24 
12/22/08,13300, $350.04 
12/22/08,15000, $725.91 
12/22/08,14600," $1,006.13 "
12/22/08,11400, $897.77 
12/22/08,11500, $166.05 
12/22/08,14500, $687.01 
12/22/08,11800, $61.06 
12/22/08,13500, $(797.82)
12/22/08,11200," $(1,433.79)"
12/22/08,14500, $(604.21)
12/22/08,14500," $1,376.04 "
12/22/08,12800, $(738.43)
12/22/08,10800," $(1,071.52)"
12/22/08,12600," $1,388.73 "
12/22/08,14300, $682.74 
12/22/08,14100, $71.41 
12/22/08,11400," $1,474.97 "
12/22/08,14400, $847.79 
12/22/08,11300, $37.47 
12/22/08,11500, $367.98 
12/22/08,10800," $1,432.51 "
12/22/08,12900, $(918.57)
12/22/08,11100," $1,214.32 "
12/22/08,14700," $1,266.50 "
12/22/08,11800, $(944.63)
12/23/08,12700," $1,095.63 "
12/23/08,12300, $(655.33)
12/23/08,10900, $701.01 
12/23/08,14900, $991.75 
12/23/08,10800, $526.98 
12/23/08,14100, $408.23 
12/23/08,13300, $782.90 
12/23/08,12000, $282.67 
12/23/08,13500, $(855.32)
12/23/08,14700," $1,282.82 "
12/23/08,13000, $278.49 
12/23/08,13700," $(1,499.77)"
12/23/08,14400," $1,345.60 "
12/23/08,10400," $1,020.26 "
12/23/08,13700, $818.22 
12/23/08,10500, $(421.85)
12/23/08,12200," $1,489.96 "
12/23/08,14900," $1,082.99 "
12/23/08,10200, $558.63 
12/23/08,14700, $(669.70)
12/23/08,11600," $(1,378.90)"
12/23/08,14900, $44.40 
12/23/08,12700, $(370.52)
12/23/08,10800, $794.69 
12/23/08,13400, $(585.59)
12/23/08,12000," $1,019.17 "
12/23/08,14700, $361.61 
12/23/08,10100, $215.60 
12/23/08,11800, $(946.86)
12/23/08,12200, $(394.60)
12/23/08,14700, $(45.33)
12/23/08,13100, $(111.43)
12/23/08,12100," $1,252.58 "
12/23/08,12800, $800.21 
12/23/08,12000, $389.36 
12/23/08,11000," $1,243.29 "
12/23/08,10800," $1,302.90 "
12/23/08,13600, $(724.34)
12/23/08,11000, $(778.36)
12/23/08,14900, $561.82 
12/23/08,11500, $(426.99)
12/23/08,13800, $324.26 
12/23/08,12600, $72.25 
12/23/08,13500," $(1,470.19)"
12/23/08,14500, $886.37 
12/23/08,12300, $886.88 
12/23/08,12900," $1,456.60 "
12/23/08,14300, $699.83 
12/23/08,15000," $1,059.62 "
12/23/08,13000," $(1,054.52)"
12/23/08,14000, $(242.45)
12/23/08,12100, $542.60 
12/23/08,12300, $528.30 
12/23/08,12800, $234.82 
12/23/08,11100, $783.56 
12/23/08,11400, $639.39 
12/23/08,10000, $(382.55)
12/23/08,12300, $(851.44)
12/23/08,10100, $(132.31)
12/23/08,10500," $(1,042.93)"
12/23/08,12700," $1,138.14 "
12/23/08,13500, $297.80 
12/23/08,14500, $(855.39)
12/23/08,13300," $1,202.91 "
12/23/08,11800," $(1,229.74)"
12/23/08,11000, $804.26 
12/23/08,13800," $1,230.30 "
12/23/08,11100, $461.55 
12/23/08,10900, $522.16 
12/23/08,10500, $(314.34)
12/23/08,11400, $976.69 
12/23/08,11700, $(827.45)
12/23/08,11500, $931.08 
12/23/08,13000," $1,133.15 "
12/23/08,14200, $738.12 
12/23/08,14700," $(1,372.00)"
12/23/08,12500, $252.28 
12/23/08,11800, $642.20 
12/23/08,14700," $1,311.66 "
12/23/08,13200, $94.78 
12/23/08,11500, $749.00 
12/23/08,13100, $(764.48)
12/23/08,12100, $(449.23)
12/24/08,11900, $221.65 
12/24/08,12300, $(239.83)
12/24/08,10000, $65.69 
12/24/08,12400, $247.70 
12/24/08,14100, $(470.64)
12/24/08,13400, $(759.51)
12/24/08,14400, $(654.52)
12/24/08,12200, $173.41 
12/24/08,12000, $(348.74)
12/24/08,14200, $72.82 
12/24/08,11300," $1,318.75 "
12/24/08,10900, $315.87 
12/24/08,10200, $679.84 
12/24/08,11400, $236.00 
12/24/08,14600, $(328.89)
12/24/08,11900, $(374.87)
12/24/08,11800," $(1,236.95)"
12/24/08,14100, $(179.69)
12/24/08,14200, $(503.44)
12/24/08,15000, $974.94 
12/24/08,14500," $1,487.14 "
12/24/08,13300," $1,461.34 "
12/24/08,13600, $354.00 
12/24/08,12100," $(1,436.81)"
12/24/08,11600, $615.78 
12/24/08,12700, $485.10 
12/24/08,13800, $731.40 
12/24/08,12500, $665.88 
12/24/08,12400, $494.23 
12/24/08,10200, $567.41 
12/24/08,15000," $1,143.98 "
12/24/08,13200, $620.35 
12/24/08,12900," $(1,484.66)"
12/24/08,11500," $1,082.50 "
12/24/08,13000, $786.15 
12/24/08,13100, $692.21 
12/24/08,12900," $1,151.31 "
12/24/08,12800, $487.07 
12/24/08,14800," $1,476.71 "
12/24/08,13800, $(3.93)
12/24/08,14600, $607.13 
12/24/08,13600, $718.32 
12/24/08,13100, $663.23 
12/24/08,11600, $560.67 
12/24/08,12100, $(662.94)
12/24/08,11900, $963.76 
12/24/08,11000, $(272.40)
12/24/08,12800, $297.43 
12/24/08,13600, $436.60 
12/24/08,10800, $133.39 
12/24/08,14400," $1,191.38 "
12/24/08,11300," $(1,297.06)"
12/24/08,13600," $1,408.49 "
12/24/08,14400," $(1,452.25)"
12/24/08,10100, $(125.83)
12/24/08,12700," $(1,071.28)"
12/24/08,13700, $768.95 
12/24/08,11800," $1,454.27 "
12/24/08,11600, $502.18 
12/24/08,11600, $(253.83)
12/24/08,10900, $827.76 
12/24/08,11300," $1,325.16 "
12/24/08,12900, $15.76 
12/24/08,12600, $802.38 
12/24/08,13100, $97.34 
12/24/08,14800, $99.05 
12/24/08,10200," $1,084.83 "
12/24/08,10300, $560.74 
12/24/08,12000, $849.80 
12/24/08,14200, $594.87 
12/24/08,11200, $(233.25)
12/24/08,13600, $151.58 
12/24/08,13800, $343.95 
12/24/08,11500," $1,236.45 "
12/24/08,11000, $(334.40)
12/24/08,12400," $1,009.24 "
12/24/08,11600," $1,044.56 "
12/24/08,15000," $(1,094.20)"
12/24/08,11100, $308.51 
12/24/08,10700, $704.83 
12/24/08,13400," $1,244.01 "
12/24/08,12100, $525.76 
12/24/08,11100, $501.17 
12/25/08,14500," $1,005.67 "
12/25/08,14200," $1,098.09 "
12/25/08,10900," $1,273.34 "
12/25/08,14400, $674.09 
12/25/08,13900, $(182.12)
12/25/08,12700, $260.94 
12/25/08,11900, $790.07 
12/25/08,11100, $741.94 
12/25/08,14200," $(1,333.72)"
12/25/08,12300," $1,007.22 "
12/25/08,12900, $(416.61)
12/25/08,10100, $(492.44)
12/25/08,11900, $963.95 
12/25/08,10800, $545.83 
12/25/08,10200, $190.65 
12/25/08,13400, $(617.55)
12/25/08,14500, $150.90 
12/25/08,14600," $1,321.80 "
12/25/08,12100, $440.65 
12/25/08,14200, $(271.75)
12/25/08,13100, $77.07 
12/25/08,10500," $1,470.78 "
12/25/08,13300," $(1,207.26)"
12/25/08,11500, $257.41 
12/25/08,14100, $65.07 
12/25/08,14200, $441.18 
12/25/08,14100," $1,098.09 "
12/25/08,11100," $1,277.93 "
12/25/08,15000, $775.43 
12/25/08,12300, $439.72 
12/25/08,10500," $1,298.76 "
12/25/08,10600, $343.10 
12/25/08,14300," $1,368.30 "
12/25/08,12000, $(5.28)
12/25/08,10800," $1,410.20 "
12/25/08,14100, $832.16 
12/25/08,10600, $899.94 
12/25/08,11100, $596.46 
12/25/08,12200," $1,035.57 "
12/25/08,12300, $340.88 
12/25/08,10500, $108.48 
12/25/08,12800, $635.49 
12/25/08,14200," $(1,169.15)"
12/25/08,14500, $486.55 
12/25/08,12500, $430.28 
12/25/08,10400," $(1,043.28)"
12/25/08,10700, $(721.05)
12/25/08,10200," $1,349.49 "
12/25/08,11500, $895.00 
12/25/08,12900," $1,378.45 "
12/25/08,10600, $208.88 
12/25/08,13000, $349.32 
12/25/08,14000," $(1,210.15)"
12/25/08,13200, $834.24 
12/25/08,13300, $543.78 
12/25/08,14100," $1,308.17 "
12/25/08,14000, $(778.20)
12/25/08,12100, $76.85 
12/25/08,12700," $1,021.98 "
12/25/08,12700, $21.46 
12/25/08,14800, $164.01 
12/25/08,13000, $581.93 
12/25/08,13000," $1,176.35 "
12/25/08,11800," $1,006.76 "
12/25/08,12700," $1,315.59 "
12/25/08,13900, $176.72 
